<?xml version="1.0" encoding="UTF-8"?>
<jcr:root xmlns:sling="http://sling.apache.org/jcr/sling/1.0" xmlns:cq="http://www.day.com/jcr/cq/1.0" xmlns:jcr="http://www.jcp.org/jcr/1.0"
    jcr:primaryType="cq:Page">
    <jcr:content
        cq:lastModified="{Date}2018-02-23T20:44:06.319Z"
        cq:lastModifiedBy="bob"
        cq:template="/apps/chinational/templates/defaultpage"
        jcr:primaryType="cq:PageContent"
        jcr:title="Sample Pages"
        sling:resourceType="chinational/components/structure/basepage"/>
    <news-detail-sample-page/>
    <press-release-detail-sample-page/>
    <home-sample-page/>
    <media-kit-sample-page/>
    <sample-special-content-page/>
    <media-press-center-sample-page/>
    <directory-profile---sample/>
    <sample--history-timeline/>
    <directory-overview-sample-page/>
    <about-us-sample-page/>
</jcr:root>
