<?xml version="1.0" encoding="UTF-8"?>
<jcr:root xmlns:sling="http://sling.apache.org/jcr/sling/1.0" xmlns:cq="http://www.day.com/jcr/cq/1.0" xmlns:jcr="http://www.jcp.org/jcr/1.0"
    jcr:primaryType="cq:Page">
    <jcr:content
        cq:lastModified="{Date}2018-03-12T22:39:42.543Z"
        cq:lastModifiedBy="admin"
        cq:template="/apps/chinational/templates/defaultpage"
        jcr:primaryType="cq:PageContent"
        jcr:title="Sample Page Library"
        sling:resourceType="chinational/components/structure/basepage"
        heroConfig="hero"/>
    <news-detail-sample-page/>
    <press-release-detail-sample-page/>
    <home-sample-page/>
    <media-kit-sample-page/>
    <sample-special-content-page/>
    <media-press-center-sample-page/>
    <directory-profile---sample/>
    <sample--history-timeline/>
    <directory-overview-sample-page/>
    <about-us-sample-page-1/>
    <content-detail-sample-page/>
    <foundation-sample-page/>
    <employee-resources-sample-page/>
    <content-overview-sample-page/>
    <careers/>
    <multimedia-hub-sample-page/>
    <blog-details-sample-page/>
    <blog-center-sample-page/>
</jcr:root>
