<?xml version="1.0" encoding="UTF-8"?>
<jcr:root xmlns:sling="http://sling.apache.org/jcr/sling/1.0" xmlns:cq="http://www.day.com/jcr/cq/1.0" xmlns:jcr="http://www.jcp.org/jcr/1.0"
    jcr:primaryType="cq:Page">
    <jcr:content
        cq:lastModified="{Date}2018-03-06T03:07:25.209Z"
        cq:lastModifiedBy="bob"
        cq:lastRolledout="{Date}2018-03-06T03:15:36.013Z"
        cq:lastRolledoutBy="admin"
        cq:template="/apps/chinational/templates/homepage"
        jcr:mixinTypes="[cq:LiveRelationship,cq:LiveSync]"
        jcr:primaryType="cq:PageContent"
        jcr:title="Home 0.0"
        sling:resourceType="chinational/components/structure/homepage">
        <cq:LiveSyncConfig
            cq:isDeep="{Boolean}false"
            cq:master="/content/mvpmaster/en"
            cq:rolloutConfigs="[/etc/msm/rolloutconfigs/default]"
            jcr:primaryType="cq:LiveCopy"/>
    </jcr:content>
    <misc/>
    <about-us/>
    <our-mission/>
    <careers/>
    <patient-care/>
    <media/>
    <sample/>
    <about-us-sample-page-1/>
</jcr:root>
