<?xml version="1.0" encoding="UTF-8"?>
<jcr:root xmlns:sling="http://sling.apache.org/jcr/sling/1.0" xmlns:cq="http://www.day.com/jcr/cq/1.0" xmlns:jcr="http://www.jcp.org/jcr/1.0" xmlns:mix="http://www.jcp.org/jcr/mix/1.0" xmlns:nt="http://www.jcp.org/jcr/nt/1.0" xmlns:rep="internal"
    jcr:mixinTypes="[rep:AccessControllable]"
    jcr:primaryType="cq:Page">
    <jcr:content
        cq:lastModified="{Date}2018-04-05T17:23:29.349Z"
        cq:lastModifiedBy="admin"
        cq:lastReplicated="{Date}2018-04-05T18:51:52.494Z"
        cq:lastReplicatedBy="admin"
        cq:lastReplicationAction="Activate"
        jcr:isCheckedOut="{Boolean}true"
        jcr:mixinTypes="[cq:ReplicationStatus,mix:versionable]"
        jcr:primaryType="nt:unstructured"
        jcr:title="CHI National SIte"
        jcr:uuid="668285be-37e5-4fff-8b38-100e00c656b4"
        sling:resourceType="wcm/core/components/designer">
        <newsdetailpage jcr:primaryType="nt:unstructured">
            <main-respgrid jcr:primaryType="nt:unstructured">
                <richText
                    jcr:lastModified="{Date}2018-03-27T04:25:46.706Z"
                    jcr:lastModifiedBy="admin"
                    jcr:primaryType="nt:unstructured"
                    sling:resourceType="chinational/components/content/richText">
                    <rtePlugins jcr:primaryType="nt:unstructured">
                        <paraformat
                            jcr:primaryType="nt:unstructured"
                            features="-">
                            <formats
                                jcr:primaryType="nt:unstructured"
                                override="true">
                                <item0
                                    jcr:primaryType="nt:unstructured"
                                    description="Paragraph"
                                    tag="p"/>
                                <item1
                                    jcr:primaryType="nt:unstructured"
                                    description="Heading 1"
                                    tag="h1"/>
                                <item2
                                    jcr:primaryType="nt:unstructured"
                                    description="Heading 2"
                                    tag="h2"/>
                                <item3
                                    jcr:primaryType="nt:unstructured"
                                    description="Heading 3"
                                    tag="h3"/>
                                <item4
                                    jcr:primaryType="nt:unstructured"
                                    description="Heading 4"
                                    tag="h4"/>
                                <item5
                                    jcr:primaryType="nt:unstructured"
                                    description="Heading 5"
                                    tag="h5"/>
                                <item6
                                    jcr:primaryType="nt:unstructured"
                                    description="Heading 6"
                                    tag="h6"/>
                                <item7
                                    jcr:primaryType="nt:unstructured"
                                    description="Quote"
                                    tag="blockquote"/>
                                <item8
                                    jcr:primaryType="nt:unstructured"
                                    description="Preformatted"
                                    tag="pre"/>
                            </formats>
                        </paraformat>
                        <misctools
                            jcr:primaryType="nt:unstructured"
                            features="sourceedit">
                            <specialCharsConfig jcr:primaryType="nt:unstructured">
                                <chars
                                    jcr:primaryType="nt:unstructured"
                                    override="true">
                                    <item0
                                        jcr:primaryType="nt:unstructured"
                                        entity="&amp;copy;"
                                        name="copyright"/>
                                    <item1
                                        jcr:primaryType="nt:unstructured"
                                        entity="&amp;euro;"
                                        name="euro"/>
                                    <item2
                                        jcr:primaryType="nt:unstructured"
                                        entity="&amp;reg;"
                                        name="registered"/>
                                    <item3
                                        jcr:primaryType="nt:unstructured"
                                        entity="&amp;trade;"
                                        name="trademark"/>
                                </chars>
                            </specialCharsConfig>
                        </misctools>
                        <edit
                            jcr:primaryType="nt:unstructured"
                            features="paste-wordhtml"/>
                        <findreplace
                            jcr:primaryType="nt:unstructured"
                            features="-"/>
                        <spellcheck
                            jcr:primaryType="nt:unstructured"
                            features="-"/>
                        <table
                            jcr:primaryType="nt:unstructured"
                            features="-"/>
                        <lists
                            jcr:primaryType="nt:unstructured"
                            features="*"/>
                        <justify
                            jcr:primaryType="nt:unstructured"
                            features="-"/>
                        <format
                            jcr:primaryType="nt:unstructured"
                            features="bold,italic"/>
                        <links
                            jcr:primaryType="nt:unstructured"
                            features="modifylink,unlink"/>
                        <subsuperscript
                            jcr:primaryType="nt:unstructured"
                            features="-"/>
                    </rtePlugins>
                </richText>
            </main-respgrid>
            <newstemp-tiles
                jcr:lastModified="{Date}2018-03-30T22:09:20.830Z"
                jcr:lastModifiedBy="admin"
                jcr:primaryType="nt:unstructured"
                sling:resourceType="chinational/components/composites/dynamicTilesNewsListGlobal"
                bottomOption="default"
                listOnRightNotRequired="true"
                parentPage="/content/national/en/media/news"
                selectArticleType="news"
                selectHeading="headingNotRequired"/>
        </newsdetailpage>
        <basepage jcr:primaryType="nt:unstructured">
            <main-respgrid
                jcr:lastModified="{Date}2018-02-21T20:12:56.224Z"
                jcr:lastModifiedBy="admin"
                jcr:primaryType="nt:unstructured"
                sling:resourceType="chinational/components/foundation/responsivegrid"
                components="group:CHI General">
                <richText
                    jcr:lastModified="{Date}2018-03-28T17:26:12.387Z"
                    jcr:lastModifiedBy="admin"
                    jcr:primaryType="nt:unstructured"
                    sling:resourceType="chinational/components/content/richText">
                    <rtePlugins jcr:primaryType="nt:unstructured">
                        <paraformat
                            jcr:primaryType="nt:unstructured"
                            features="*">
                            <formats
                                jcr:primaryType="nt:unstructured"
                                override="true">
                                <item0
                                    jcr:primaryType="nt:unstructured"
                                    description="Paragraph"
                                    tag="p"/>
                                <item1
                                    jcr:primaryType="nt:unstructured"
                                    description="Heading 1"
                                    tag="h1"/>
                                <item2
                                    jcr:primaryType="nt:unstructured"
                                    description="Heading 2"
                                    tag="h2"/>
                                <item3
                                    jcr:primaryType="nt:unstructured"
                                    description="Heading 3"
                                    tag="h3"/>
                                <item4
                                    jcr:primaryType="nt:unstructured"
                                    description="Heading 4"
                                    tag="h4"/>
                                <item5
                                    jcr:primaryType="nt:unstructured"
                                    description="Heading 5"
                                    tag="h5"/>
                                <item6
                                    jcr:primaryType="nt:unstructured"
                                    description="Heading 6"
                                    tag="h6"/>
                                <item7
                                    jcr:primaryType="nt:unstructured"
                                    description="Quote"
                                    tag="blockquote"/>
                                <item8
                                    jcr:primaryType="nt:unstructured"
                                    description="Preformatted"
                                    tag="pre"/>
                            </formats>
                        </paraformat>
                        <misctools
                            jcr:primaryType="nt:unstructured"
                            features="specialchars,sourceedit">
                            <specialCharsConfig jcr:primaryType="nt:unstructured">
                                <chars
                                    jcr:primaryType="nt:unstructured"
                                    override="true">
                                    <item0
                                        jcr:primaryType="nt:unstructured"
                                        entity="&amp;copy;"
                                        name="copyright"/>
                                    <item1
                                        jcr:primaryType="nt:unstructured"
                                        entity="&amp;euro;"
                                        name="euro"/>
                                    <item2
                                        jcr:primaryType="nt:unstructured"
                                        entity="&amp;reg;"
                                        name="registered"/>
                                    <item3
                                        jcr:primaryType="nt:unstructured"
                                        entity="&amp;trade;"
                                        name="trademark"/>
                                </chars>
                            </specialCharsConfig>
                        </misctools>
                        <edit
                            jcr:primaryType="nt:unstructured"
                            features="paste-plaintext,paste-wordhtml"/>
                        <lists
                            jcr:primaryType="nt:unstructured"
                            features="*"/>
                        <format
                            jcr:primaryType="nt:unstructured"
                            features="bold,italic,underline"/>
                        <links
                            jcr:primaryType="nt:unstructured"
                            features="modifylink,unlink"/>
                        <findreplace
                            jcr:primaryType="nt:unstructured"
                            features="*"/>
                        <spellcheck
                            jcr:primaryType="nt:unstructured"
                            features="*"/>
                        <table
                            jcr:primaryType="nt:unstructured"
                            features="*"/>
                        <justify
                            jcr:primaryType="nt:unstructured"
                            features="*"/>
                        <subsuperscript
                            jcr:primaryType="nt:unstructured"
                            features="*"/>
                    </rtePlugins>
                </richText>
                <contentBand jcr:primaryType="nt:unstructured">
                    <richText
                        jcr:lastModified="{Date}2018-03-31T17:03:54.055Z"
                        jcr:lastModifiedBy="admin"
                        jcr:primaryType="nt:unstructured"
                        sling:resourceType="chinational/components/content/richText">
                        <rtePlugins jcr:primaryType="nt:unstructured">
                            <paraformat
                                jcr:primaryType="nt:unstructured"
                                features="-">
                                <formats
                                    jcr:primaryType="nt:unstructured"
                                    override="true">
                                    <item0
                                        jcr:primaryType="nt:unstructured"
                                        description="Paragraph"
                                        tag="p"/>
                                    <item1
                                        jcr:primaryType="nt:unstructured"
                                        description="Heading 1"
                                        tag="h1"/>
                                    <item2
                                        jcr:primaryType="nt:unstructured"
                                        description="Heading 2"
                                        tag="h2"/>
                                    <item3
                                        jcr:primaryType="nt:unstructured"
                                        description="Heading 3"
                                        tag="h3"/>
                                    <item4
                                        jcr:primaryType="nt:unstructured"
                                        description="Heading 4"
                                        tag="h4"/>
                                    <item5
                                        jcr:primaryType="nt:unstructured"
                                        description="Heading 5"
                                        tag="h5"/>
                                    <item6
                                        jcr:primaryType="nt:unstructured"
                                        description="Heading 6"
                                        tag="h6"/>
                                    <item7
                                        jcr:primaryType="nt:unstructured"
                                        description="Quote"
                                        tag="blockquote"/>
                                    <item8
                                        jcr:primaryType="nt:unstructured"
                                        description="Preformatted"
                                        tag="pre"/>
                                </formats>
                            </paraformat>
                            <misctools
                                jcr:primaryType="nt:unstructured"
                                features="sourceedit">
                                <specialCharsConfig jcr:primaryType="nt:unstructured">
                                    <chars
                                        jcr:primaryType="nt:unstructured"
                                        override="true">
                                        <item0
                                            jcr:primaryType="nt:unstructured"
                                            entity="&amp;copy;"
                                            name="copyright"/>
                                        <item1
                                            jcr:primaryType="nt:unstructured"
                                            entity="&amp;euro;"
                                            name="euro"/>
                                        <item2
                                            jcr:primaryType="nt:unstructured"
                                            entity="&amp;reg;"
                                            name="registered"/>
                                        <item3
                                            jcr:primaryType="nt:unstructured"
                                            entity="&amp;trade;"
                                            name="trademark"/>
                                    </chars>
                                </specialCharsConfig>
                            </misctools>
                            <edit
                                jcr:primaryType="nt:unstructured"
                                features="-"/>
                            <findreplace
                                jcr:primaryType="nt:unstructured"
                                features="-"/>
                            <spellcheck
                                jcr:primaryType="nt:unstructured"
                                features="-"/>
                            <table
                                jcr:primaryType="nt:unstructured"
                                features="-"/>
                            <lists
                                jcr:primaryType="nt:unstructured"
                                features="*"/>
                            <justify
                                jcr:primaryType="nt:unstructured"
                                features="-"/>
                            <format
                                jcr:primaryType="nt:unstructured"
                                features="bold,italic"/>
                            <links
                                jcr:primaryType="nt:unstructured"
                                features="modifylink,unlink"/>
                            <subsuperscript
                                jcr:primaryType="nt:unstructured"
                                features="-"/>
                        </rtePlugins>
                    </richText>
                </contentBand>
                <infoband jcr:primaryType="nt:unstructured">
                    <richText
                        jcr:lastModified="{Date}2018-03-28T20:20:19.276Z"
                        jcr:lastModifiedBy="admin"
                        jcr:primaryType="nt:unstructured"
                        sling:resourceType="chinational/components/content/richText">
                        <rtePlugins jcr:primaryType="nt:unstructured">
                            <paraformat
                                jcr:primaryType="nt:unstructured"
                                features="-">
                                <formats
                                    jcr:primaryType="nt:unstructured"
                                    override="true">
                                    <item0
                                        jcr:primaryType="nt:unstructured"
                                        description="Paragraph"
                                        tag="p"/>
                                    <item1
                                        jcr:primaryType="nt:unstructured"
                                        description="Heading 1"
                                        tag="h1"/>
                                    <item2
                                        jcr:primaryType="nt:unstructured"
                                        description="Heading 2"
                                        tag="h2"/>
                                    <item3
                                        jcr:primaryType="nt:unstructured"
                                        description="Heading 3"
                                        tag="h3"/>
                                    <item4
                                        jcr:primaryType="nt:unstructured"
                                        description="Heading 4"
                                        tag="h4"/>
                                    <item5
                                        jcr:primaryType="nt:unstructured"
                                        description="Heading 5"
                                        tag="h5"/>
                                    <item6
                                        jcr:primaryType="nt:unstructured"
                                        description="Heading 6"
                                        tag="h6"/>
                                    <item7
                                        jcr:primaryType="nt:unstructured"
                                        description="Quote"
                                        tag="blockquote"/>
                                    <item8
                                        jcr:primaryType="nt:unstructured"
                                        description="Preformatted"
                                        tag="pre"/>
                                </formats>
                            </paraformat>
                            <misctools
                                jcr:primaryType="nt:unstructured"
                                features="sourceedit">
                                <specialCharsConfig jcr:primaryType="nt:unstructured">
                                    <chars
                                        jcr:primaryType="nt:unstructured"
                                        override="true">
                                        <item0
                                            jcr:primaryType="nt:unstructured"
                                            entity="&amp;copy;"
                                            name="copyright"/>
                                        <item1
                                            jcr:primaryType="nt:unstructured"
                                            entity="&amp;euro;"
                                            name="euro"/>
                                        <item2
                                            jcr:primaryType="nt:unstructured"
                                            entity="&amp;reg;"
                                            name="registered"/>
                                        <item3
                                            jcr:primaryType="nt:unstructured"
                                            entity="&amp;trade;"
                                            name="trademark"/>
                                    </chars>
                                </specialCharsConfig>
                            </misctools>
                            <edit
                                jcr:primaryType="nt:unstructured"
                                features="-"/>
                            <findreplace
                                jcr:primaryType="nt:unstructured"
                                features="-"/>
                            <spellcheck
                                jcr:primaryType="nt:unstructured"
                                features="-"/>
                            <table
                                jcr:primaryType="nt:unstructured"
                                features="-"/>
                            <lists
                                jcr:primaryType="nt:unstructured"
                                features="*"/>
                            <justify
                                jcr:primaryType="nt:unstructured"
                                features="-"/>
                            <format
                                jcr:primaryType="nt:unstructured"
                                features="bold,italic"/>
                            <links
                                jcr:primaryType="nt:unstructured"
                                features="modifylink,unlink"/>
                            <subsuperscript
                                jcr:primaryType="nt:unstructured"
                                features="-"/>
                        </rtePlugins>
                    </richText>
                </infoband>
                <accordion jcr:primaryType="nt:unstructured">
                    <accordion-3 jcr:primaryType="nt:unstructured">
                        <richText
                            jcr:lastModified="{Date}2018-03-28T19:17:52.192Z"
                            jcr:lastModifiedBy="admin"
                            jcr:primaryType="nt:unstructured"
                            sling:resourceType="chinational/components/content/richText">
                            <rtePlugins jcr:primaryType="nt:unstructured">
                                <paraformat
                                    jcr:primaryType="nt:unstructured"
                                    features="-">
                                    <formats
                                        jcr:primaryType="nt:unstructured"
                                        override="true">
                                        <item0
                                            jcr:primaryType="nt:unstructured"
                                            description="Paragraph"
                                            tag="p"/>
                                        <item1
                                            jcr:primaryType="nt:unstructured"
                                            description="Heading 1"
                                            tag="h1"/>
                                        <item2
                                            jcr:primaryType="nt:unstructured"
                                            description="Heading 2"
                                            tag="h2"/>
                                        <item3
                                            jcr:primaryType="nt:unstructured"
                                            description="Heading 3"
                                            tag="h3"/>
                                        <item4
                                            jcr:primaryType="nt:unstructured"
                                            description="Heading 4"
                                            tag="h4"/>
                                        <item5
                                            jcr:primaryType="nt:unstructured"
                                            description="Heading 5"
                                            tag="h5"/>
                                        <item6
                                            jcr:primaryType="nt:unstructured"
                                            description="Heading 6"
                                            tag="h6"/>
                                        <item7
                                            jcr:primaryType="nt:unstructured"
                                            description="Quote"
                                            tag="blockquote"/>
                                        <item8
                                            jcr:primaryType="nt:unstructured"
                                            description="Preformatted"
                                            tag="pre"/>
                                    </formats>
                                </paraformat>
                                <misctools
                                    jcr:primaryType="nt:unstructured"
                                    features="sourceedit">
                                    <specialCharsConfig jcr:primaryType="nt:unstructured">
                                        <chars
                                            jcr:primaryType="nt:unstructured"
                                            override="true">
                                            <item0
                                                jcr:primaryType="nt:unstructured"
                                                entity="&amp;copy;"
                                                name="copyright"/>
                                            <item1
                                                jcr:primaryType="nt:unstructured"
                                                entity="&amp;euro;"
                                                name="euro"/>
                                            <item2
                                                jcr:primaryType="nt:unstructured"
                                                entity="&amp;reg;"
                                                name="registered"/>
                                            <item3
                                                jcr:primaryType="nt:unstructured"
                                                entity="&amp;trade;"
                                                name="trademark"/>
                                        </chars>
                                    </specialCharsConfig>
                                </misctools>
                                <edit
                                    jcr:primaryType="nt:unstructured"
                                    features="-"/>
                                <findreplace
                                    jcr:primaryType="nt:unstructured"
                                    features="-"/>
                                <spellcheck
                                    jcr:primaryType="nt:unstructured"
                                    features="-"/>
                                <table
                                    jcr:primaryType="nt:unstructured"
                                    features="-"/>
                                <lists
                                    jcr:primaryType="nt:unstructured"
                                    features="*"/>
                                <justify
                                    jcr:primaryType="nt:unstructured"
                                    features="-"/>
                                <format
                                    jcr:primaryType="nt:unstructured"
                                    features="bold,italic"/>
                                <links
                                    jcr:primaryType="nt:unstructured"
                                    features="modifylink,unlink"/>
                                <subsuperscript
                                    jcr:primaryType="nt:unstructured"
                                    features="-"/>
                            </rtePlugins>
                        </richText>
                    </accordion-3>
                </accordion>
            </main-respgrid>
            <nav
                jcr:lastModified="{Date}2018-02-21T20:12:56.224Z"
                jcr:lastModifiedBy="admin"
                jcr:primaryType="nt:unstructured"
                sling:resourceType="chinational/components/structure/navigation"
                parentPage="/content/national/en"/>
            <logo
                jcr:lastModified="{Date}2018-03-12T22:40:45.061Z"
                jcr:lastModifiedBy="admin"
                jcr:primaryType="nt:unstructured"
                sling:resourceType="chinational/components/structure/logo"
                altText="Home"
                imagepath="/content/dam/chi-national/website/sample-page-images/logo.png"
                link="/content/national/en"
                target="false"/>
            <rrail-respgrid
                jcr:lastModified="{Date}2018-04-04T06:10:14.613Z"
                jcr:lastModifiedBy="admin"
                jcr:primaryType="nt:unstructured"
                sling:resourceType="chinational/components/foundation/rightrailResponsivegrid"
                components="[/apps/chinational/components/content/audio,/apps/chinational/components/content/callout,/apps/chinational/components/content/heading,/apps/chinational/components/content/image,/apps/chinational/components/content/location,/apps/chinational/components/content/richText,/apps/chinational/components/content/rightrailList,/apps/chinational/components/composites/rightrailSection,/apps/chinational/components/content/separator,/apps/chinational/components/content/video]">
                <rightrailSection jcr:primaryType="nt:unstructured">
                    <richText
                        jcr:lastModified="{Date}2018-03-30T03:39:53.173Z"
                        jcr:lastModifiedBy="admin"
                        jcr:primaryType="nt:unstructured"
                        sling:resourceType="chinational/components/content/richText">
                        <rtePlugins jcr:primaryType="nt:unstructured">
                            <paraformat
                                jcr:primaryType="nt:unstructured"
                                features="-">
                                <formats
                                    jcr:primaryType="nt:unstructured"
                                    override="true">
                                    <item0
                                        jcr:primaryType="nt:unstructured"
                                        description="Paragraph"
                                        tag="p"/>
                                    <item1
                                        jcr:primaryType="nt:unstructured"
                                        description="Heading 1"
                                        tag="h1"/>
                                    <item2
                                        jcr:primaryType="nt:unstructured"
                                        description="Heading 2"
                                        tag="h2"/>
                                    <item3
                                        jcr:primaryType="nt:unstructured"
                                        description="Heading 3"
                                        tag="h3"/>
                                    <item4
                                        jcr:primaryType="nt:unstructured"
                                        description="Heading 4"
                                        tag="h4"/>
                                    <item5
                                        jcr:primaryType="nt:unstructured"
                                        description="Heading 5"
                                        tag="h5"/>
                                    <item6
                                        jcr:primaryType="nt:unstructured"
                                        description="Heading 6"
                                        tag="h6"/>
                                    <item7
                                        jcr:primaryType="nt:unstructured"
                                        description="Quote"
                                        tag="blockquote"/>
                                    <item8
                                        jcr:primaryType="nt:unstructured"
                                        description="Preformatted"
                                        tag="pre"/>
                                </formats>
                            </paraformat>
                            <misctools
                                jcr:primaryType="nt:unstructured"
                                features="sourceedit">
                                <specialCharsConfig jcr:primaryType="nt:unstructured">
                                    <chars
                                        jcr:primaryType="nt:unstructured"
                                        override="true">
                                        <item0
                                            jcr:primaryType="nt:unstructured"
                                            entity="&amp;copy;"
                                            name="copyright"/>
                                        <item1
                                            jcr:primaryType="nt:unstructured"
                                            entity="&amp;euro;"
                                            name="euro"/>
                                        <item2
                                            jcr:primaryType="nt:unstructured"
                                            entity="&amp;reg;"
                                            name="registered"/>
                                        <item3
                                            jcr:primaryType="nt:unstructured"
                                            entity="&amp;trade;"
                                            name="trademark"/>
                                    </chars>
                                </specialCharsConfig>
                            </misctools>
                            <edit
                                jcr:primaryType="nt:unstructured"
                                features="-"/>
                            <findreplace
                                jcr:primaryType="nt:unstructured"
                                features="-"/>
                            <spellcheck
                                jcr:primaryType="nt:unstructured"
                                features="-"/>
                            <table
                                jcr:primaryType="nt:unstructured"
                                features="-"/>
                            <lists
                                jcr:primaryType="nt:unstructured"
                                features="*"/>
                            <justify
                                jcr:primaryType="nt:unstructured"
                                features="-"/>
                            <format
                                jcr:primaryType="nt:unstructured"
                                features="bold,italic"/>
                            <links
                                jcr:primaryType="nt:unstructured"
                                features="modifylink,unlink"/>
                            <subsuperscript
                                jcr:primaryType="nt:unstructured"
                                features="-"/>
                        </rtePlugins>
                    </richText>
                </rightrailSection>
            </rrail-respgrid>
            <secNav
                jcr:lastModified="{Date}2018-03-20T22:24:44.326Z"
                jcr:lastModifiedBy="admin"
                jcr:primaryType="nt:unstructured"
                sling:resourceType="chinational/components/structure/secondaryNavigation"
                defaultText="Subnavigation Dropdown"/>
            <footerContactUs
                jcr:lastModified="{Date}2018-03-29T04:39:00.420Z"
                jcr:lastModifiedBy="admin"
                jcr:primaryType="nt:unstructured"
                sling:resourceType="chinational/components/structure/footerContactUs"
                heading="Contact CHI"
                label="Send us a message"
                linkTo="/content/national/en/contact-us"
                subheading="Call 303-298-9100"
                targetBlank="false">
                <footerCULinks
                    jcr:lastModified="{Date}2018-03-29T04:28:26.538Z"
                    jcr:lastModifiedBy="admin"
                    jcr:primaryType="nt:unstructured"
                    sling:resourceType="chinational/components/structure/footerLinks">
                    <items jcr:primaryType="nt:unstructured">
                        <item0
                            jcr:primaryType="nt:unstructured"
                            linkText="About CHI"
                            linkUrl="/content/national/en/who-we-are"
                            targetBlank="false"/>
                        <item1
                            jcr:primaryType="nt:unstructured"
                            linkText="Our locations"
                            linkUrl="/content/national/en/patient-care/care-close-to-home"
                            targetBlank="false"/>
                        <item2
                            jcr:primaryType="nt:unstructured"
                            linkText="Imagine Better Blog"
                            linkUrl="/content/national/en/media/blogs"
                            targetBlank="false"/>
                    </items>
                </footerCULinks>
                <icons jcr:primaryType="nt:unstructured">
                    <item0
                        jcr:primaryType="nt:unstructured"
                        iconType="icon-fb"
                        linkUrl="https://www.facebook.com/catholichealthinitiativespeople/"
                        targetBlank="true"/>
                    <item1
                        jcr:primaryType="nt:unstructured"
                        iconType="icon-twitter"
                        linkUrl="https://twitter.com/chi_update"
                        targetBlank="true"/>
                    <item2
                        jcr:primaryType="nt:unstructured"
                        iconType="icon-linkedin"
                        linkUrl="https://www.linkedin.com/company/162914"
                        targetBlank="true"/>
                    <item3
                        jcr:primaryType="nt:unstructured"
                        iconType="icon-youtube"
                        linkUrl="https://www.youtube.com/WatchCHI"
                        targetBlank="false"/>
                </icons>
            </footerContactUs>
            <footerText
                jcr:lastModified="{Date}2018-04-05T17:23:29.334Z"
                jcr:lastModifiedBy="admin"
                jcr:primaryType="nt:unstructured"
                sling:resourceType="chinational/components/structure/footerLinks">
                <footerTextGlobal
                    jcr:lastModified="{Date}2018-04-05T16:54:29.256Z"
                    jcr:lastModifiedBy="admin"
                    jcr:primaryType="nt:unstructured"
                    sling:resourceType="chinational/components/content/globalLink"
                    linkText="Visit Catholic Health Initiatives >>"
                    linkUrl="/content/national/en"
                    targetBlank="false"/>
                <items jcr:primaryType="nt:unstructured">
                    <item0
                        jcr:primaryType="nt:unstructured"
                        linkText="© 2018 Catholic Health Initiatives"
                        targetBlank="false"/>
                    <item1
                        jcr:primaryType="nt:unstructured"
                        linkText="All rights reserved"
                        targetBlank="false"/>
                    <item2
                        jcr:primaryType="nt:unstructured"
                        linkText="Terms and Conditions"
                        linkUrl="/content/national/en/misc/terms-and-conditions"
                        targetBlank="false"/>
                    <item3
                        jcr:primaryType="nt:unstructured"
                        linkText="Website Privacy Policy"
                        linkUrl="/content/national/en/misc/website-privacy-policy"
                        targetBlank="false"/>
                    <item4
                        jcr:primaryType="nt:unstructured"
                        linkText="Notice of Patient Privacy Policies"
                        linkUrl="/content/national/en/misc/notice-of-patient-privacy-policies"
                        targetBlank="false"/>
                    <item5
                        jcr:primaryType="nt:unstructured"
                        linkText="Systemwide Mobile App Agreement"
                        linkUrl="/content/national/en/misc/systemwide-mobile-app-agreement"
                        targetBlank="false"/>
                </items>
            </footerText>
            <footerLinks1
                jcr:lastModified="{Date}2018-03-29T04:35:28.156Z"
                jcr:lastModifiedBy="admin"
                jcr:primaryType="nt:unstructured"
                sling:resourceType="chinational/components/structure/footerLinks"
                linkHeading="For Media">
                <items jcr:primaryType="nt:unstructured">
                    <item0
                        jcr:primaryType="nt:unstructured"
                        linkText="Media Center"
                        linkUrl="/content/national/en/media"
                        targetBlank="false"/>
                    <item1
                        jcr:primaryType="nt:unstructured"
                        linkText="News"
                        linkUrl="/content/national/en/media/news"
                        targetBlank="false"/>
                    <item2
                        jcr:primaryType="nt:unstructured"
                        linkText="Imagine Better Blog"
                        linkUrl="/content/national/en/media/blogs"
                        targetBlank="false"/>
                </items>
            </footerLinks1>
            <footerLinks2
                jcr:lastModified="{Date}2018-03-29T04:37:57.890Z"
                jcr:lastModifiedBy="admin"
                jcr:primaryType="nt:unstructured"
                sling:resourceType="chinational/components/structure/footerLinks"
                linkHeading="For Current and Prospective Employees">
                <items jcr:primaryType="nt:unstructured">
                    <item0
                        jcr:primaryType="nt:unstructured"
                        linkText="Employee Resources"
                        linkUrl="/content/national/en/careers/for-employees"
                        targetBlank="false"/>
                    <item1
                        jcr:primaryType="nt:unstructured"
                        linkText="Work at CHI"
                        linkUrl="/content/national/en/careers"
                        targetBlank="false"/>
                    <item2
                        jcr:primaryType="nt:unstructured"
                        linkText="Browse Open Positions"
                        linkUrl="https://chi2.referrals.selectminds.com/"
                        targetBlank="true"/>
                    <item3
                        jcr:primaryType="nt:unstructured"
                        linkText="Explore Physician Jobs"
                        linkUrl="https://www.practicematch.com/employer/catholic-health-initiatives-physician-jobs"
                        targetBlank="true"/>
                </items>
            </footerLinks2>
            <topnav
                jcr:lastModified="{Date}2018-04-02T15:57:04.670Z"
                jcr:lastModifiedBy="admin"
                jcr:primaryType="nt:unstructured"
                sling:resourceType="chinational/components/structure/footerLinks">
                <items jcr:primaryType="nt:unstructured">
                    <item0
                        jcr:primaryType="nt:unstructured"
                        linkText="Contact Us"
                        linkUrl="/content/national/en/contact-us"
                        targetBlank="false"/>
                    <item1
                        jcr:primaryType="nt:unstructured"
                        linkText="Donate"
                        linkUrl="/content/national/en/donation"
                        targetBlank="false"/>
                    <item2
                        jcr:primaryType="nt:unstructured"
                        linkText="For Employees"
                        linkUrl="/content/national/en/careers/for-employees"
                        targetBlank="false"/>
                </items>
            </topnav>
            <srchbox
                jcr:lastModified="{Date}2018-03-29T04:57:23.791Z"
                jcr:lastModifiedBy="admin"
                jcr:primaryType="nt:unstructured"
                sling:resourceType="chinational/components/structure/search"
                searchDefaultText="Search"
                searchDestination="/content/national/en/search-results"/>
        </basepage>
        <mediacenterpage jcr:primaryType="nt:unstructured">
            <rrail-respgrid
                jcr:lastModified="{Date}2018-03-08T22:06:24.507Z"
                jcr:lastModifiedBy="admin"
                jcr:primaryType="nt:unstructured"
                sling:resourceType="chinational/components/foundation/responsivegrid"
                components="group:CHI General"/>
        </mediacenterpage>
        <directoryprofilepage jcr:primaryType="nt:unstructured">
            <rrail-respgrid
                jcr:lastModified="{Date}2018-03-31T16:00:37.052Z"
                jcr:lastModifiedBy="admin"
                jcr:primaryType="nt:unstructured"
                sling:resourceType="chinational/components/foundation/rightrailResponsivegrid"
                components="[/apps/chinational/components/content/callout,/apps/chinational/components/content/heading,/apps/chinational/components/content/image,/apps/chinational/components/content/richText,/apps/chinational/components/content/rightrailList,/apps/chinational/components/composites/rightrailSection,/apps/chinational/components/content/separator,/apps/chinational/components/content/video]"/>
        </directoryprofilepage>
        <blogsdetailspage jcr:primaryType="nt:unstructured">
            <blogtemp-tiles
                jcr:lastModified="{Date}2018-03-21T19:37:16.171Z"
                jcr:lastModifiedBy="admin"
                jcr:primaryType="nt:unstructured"
                sling:resourceType="chinational/components/composites/dynamicTilesNewsListGlobal"
                contentTilesHeading="See More Blogs"
                listOnRightNotRequired="true"
                parentPage="/content/national/en/media/blogs"
                selectArticleType="blogs"
                selectHeading="headingRequired"/>
        </blogsdetailspage>
    </jcr:content>
    <rep:policy/>
</jcr:root>
