<?xml version="1.0" encoding="UTF-8"?>
<jcr:root xmlns:sling="http://sling.apache.org/jcr/sling/1.0" xmlns:cq="http://www.day.com/jcr/cq/1.0" xmlns:jcr="http://www.jcp.org/jcr/1.0"
    jcr:primaryType="cq:Page">
    <jcr:content
        cq:lastModified="{Date}2018-02-27T07:00:07.786Z"
        cq:lastModifiedBy="vsreekanth"
        cq:template="/apps/chinational/templates/mediacenterpage"
        jcr:primaryType="cq:PageContent"
        jcr:title="News 5.3"
        sling:resourceType="chinational/components/structure/mediacenterpage"
        displayBreadcrumb="true"
        displayHero="false"
        displayRightRail="true"
        displaySubnav="false"
        navTitle="News"/>
    <chi-reports-positive-gains-third-quarter-fy2017/>
    <chi-appoints-robert-j-weil-svp-chief-medical-officer/>
    <chi-health-home-locations-named-homecare-elite-2017/>
    <plastic-surgeons-transplant-tissue-between-identical-twins/>
    <chi-reports-positive-gains-in-third-quarter-of-fy/>
    <chi-appoints-robert-j-weil-as-svp/>
    <chi-mission-and-ministry-fund-awards-grants-of-nearly-1-million/>
    <chi-mission-and-ministry-fund-awards-grants-of-million-dollars/>
    <chi-receives-millions-grant-from-the-robert-wood-johnson-foundation/>
    <chis-lofton-ranked-no-20-on-modern-healthcares-annual-list-of-most-influential-industry-leaders/>
    <sylvania-franciscan-health-and-chi-sign-definitive-agreement/>
    <chi-lofton-ranks-on-modern-healthcares-list/>
    <chi-and-dignity-health-team-up-to-launch-the-largest-community/>
    <letter-of-intent-agreed-to-for-statewide-healthcare-network/>
    <webb-named-svp-chief-human-resources-officer-for-chi/>
    <chi-selects-six-of-elseviers-online-solutions/>
    <chi-contributes-to-relief-efforts-in-haiti/>
    <chi-selects-allscripts-electronic-health-record/>
    <chi-equity-partner-providence-health-services-reference-laboratory/>
    <chi-awards-first-grants-in-national-violence-prevention-effort/>
    <kehrberg-named-svp-supply-chain-for-catholic-health-initiatives/>
    <chi-cancer-center-funding-from-national-cancer-institute-extends-to-fifth-year/>
    <chi-names-t-clifford-deveny/>
    <lofton-tops-denver-business-journals-annual-power-book-rankings/>
    <chi-selects-beryl-as-exclusive-provider-of-outsourced-patient-experience-solutions/>
    <chi-names-peter-banko-svp-group-executive-officer/>
    <chi-receives-million-grant-from-the-robert/>
    <chi-approves-formation-of-statewide-network-to-expand/>
    <chi-provides-10-million-to-help-build-healthier-communities/>
    <chi-shows-substantial-gains-in-first-quarter-of-fy18/>
    <chis-legal-services-group-wins-top-honors-from-national-organization/>
    <chi-posts-nearly-17-percentage-increase-in-ebida-in-fy17/>
    <Chi-praises-immanuels-decision-to-expand-services-for-seniors-in-nebraska-and-iowa/>
    <chi-makes-million-investment/>
    <chi-applauds-supreme-court-decision-on-affordable-care-act/>
    <chi-presents-38-grants-for-building-healthy-communities/>
    <chi-to-participate-in-the-national-institutes-of-health-cancer/>
    <kenneth-kashkin-md-named-president-and-ceo-of-chis-institute-for-research-and-innovation/>
    <chi-peacehealth-agree-to-form-integrated-regional-health-care-network-to-serve-northwest-usa/>
    <chi-presents--grants-for-building-healthy-communities/>
    <chi-lofton-listed-among-most-influential-people-in-healthcare/>
    <chis-lofton-no-48-on-modern-healthcares-list/>
    <chi-and-st-anthony-hospital-donate-and-ship-50-tons-of-equipment-to-sister-hospital-in-hanoi/>
    <francisco-velazquez-md-named-ceo-of-pathology-associates-medical-laboratories/>
    <barto-named-senior-vice-president-of-capital-finance-at-chi/>
    <jewish-hospital-and-st-marys-healthcare-and-saint-joseph-health-system-merge-to-form-the-states-largest-health-system/>
    <catholic-health-initiatives-helps-lead-nationwide-call-to-action-for-healthier-communities/>
    <chi-kevin-lofton-named-one-of-americas-top-minority-executives/>
    <chi-adds-new-leaders-to-executive-team/>
    <chi-conifer-health-solutions-announce-partnership/>
    <chi-presents-grants-for-building-healthy-communities/>
    <press-release-detail-sample-page/>
    <chis-lofton-ranked-no-30-on-modern-healthcares-list/>
    <mercy-regional-medical-center-in-durango-to-become-part-of-centura-health/>
    <two-chi-facilities-in-thomson-reuters-top-100/>
    <dean-swindle-named-top-financial-officer-at-chi/>
    <chi-cancer-centers-awarded-million-to-expand-research-opportunities/>
    <chi-launches-billion-clinical-information-technology-program/>
    <national-business-magazine-honors-catholic-health-initiatives-kevin-lofton/>
    <transfer-of-three-chi-hospitals-to-trinity-health-completed/>
    <chi-presents-32-grants-for-building-healthy-communities/>
    <CHI-Lofton-Listed-Among-100-Most-Powerful-People-in-Healthcare/>
    <chi-completes-purchase-of-bethesda-inc-consolidated-health-services/>
    <chi-prepares-for-the-future-with-the-creation-of-the-center-for-formation-and-organizational-effectiveness/>
    <technology-professional-takes-over-new-it-security-role-at-chi/>
    <chi-forms-national-physician-services-organization/>
    <mercy-health-and-chi-sign-letter/>
    <chi-to-issue-billions-in-bonds-to-support/>
    <chi-joins-two-other-health-systems-in-national-specialty-pharmacy-network/>
    <barto-named-senior-vice-president-of-capital-finance-at-chi1/>
    <penn-state-health-and-chi-complete-ownership/>
    <chi-to-issue-billions-in-taxable-debt-to-support-national-initiatives-strategic-growth-and-quality-strategies/>
    <prime-healthcare-services-and-chi/>
    <chi-joins-national-partnership-to-curb-childhood-obesity/>
    <national-health-care-system-to-add-50-employees-to-erlanger-office/>
    <chi-expands-virtual-care-program/>
    <chi-texas-heart-institute-sign-letter-of-intent-to-finalize-partnership-agreement/>
    <statement-from-catholic-health-initiatives-on-lori-stodghill-case/>
    <chi-presents-8-million-in-grants/>
    <chi-peacehealth-suspend-discussions-on-joint-venture-in-pacific-northwest/>
    <new-ceo-to-lead-chi-nebraska-regional-health-network/>
    <brazosport-regional-health-system-and-chi-st-lukes-health/>
    <episcopal-diocese-of-texas-approves-definitive-agreement-for-transfer-of-the-st-lukes/>
    <chi-shows-improved-financial_x002c_-operating-results-in-key-markets-in-third-quarter/>
    <bold-new-alliance-among-houstons-leading-health-care-providers-to-transform-care-delivery-in-the-region/>
    <chi-memorial-health-system-of-east-texas-sign-letter-of-intent/>
    <chi-receives-grant-to-help-more-people/>
    <chi-reorganizes-three-top-leadership-posts/>
    <chi-shows-improved-results-in-fiscal-year-2015/>
    <episcopal-diocese-of-texas-finalizes-transfer/>
    <mercy-health-and-catholic-health-initiatives-complete-transfer-of-mercy-hot-springs-to-st-vincent-health-system/>
    <labcorp-to-acquire-pathology-associates-medical-laboratories-from-providence-health-services/>
    <chi-reaches-agreement-on-acquisition-of-qualchoice-holdings/>
    <dignity-health-and-chi-to-combine-to-form-new-catholic-health-system/>
    <chi-kevin-lofton-named-to-modern-healthcare-annual-list/>
    <chi-lofton-named-to-list-of-top-minorities-in-healthcare-by-national-magazine/>
    <chi-qualchoice-agreement-finalized/>
    <chi-celebrates-20th-anniversary/>
    <chi-names-industry-veteran-michael-covert-as-top-executive-of-houston-health-system/>
    <catholic-health-initiatives-launches-new-branding-strategy/>
    <hfma-recognizes-kevin-lofton-for-contributions-to-health-care/>
    <chi-and-dignity-health-explore-aligning/>
    <sylvania-franciscan-health-signs-letter-of-intent-with-catholic-health-initiatives/>
    <chis-prominence-health-to-oversee-insurance-operations/>
    <catholic-health-initiatives-tops-million-in-grants-to-create-healthy-communities/>
    <chi-and-syapse-launch-national-cancer-precision-medicine-program/>
    <chis-oncology-research-alliance-receives-funding-from-the-national-cancer-institutes-new-community-oncology/>
    <chis-kevin-e-lofton-awarded-honorary-doctoral-degree/>
    <chi-and-st-alexius-medical-center-agree-to-pursue-development/>
    <memorial-health-system-of-east-texas-and-chi-complete-transfer-of-ownership/>
    <lofton-ranked-no-on-modern-healthcares-roster-of-most-influential/>
    <chi-st-lukes-health-baylor-college-of-medicine-texas-heart-institute-collaboration/>
    <chi-joins-health-care-transformation-task-force/>
    <chi-purchases-building-at-inverness-drive/>
    <chi-st-lukes-health-baylor-college-of-medicine-texas-heart-institute-collaboration1/>
    <sylvania-franciscan-health-and-chi-complete-transfer-of-sfh-sponsorship-to-chi/>
    <chis-lofton-named-one-of-the-most-admired-ceos-in-healthcare/>
    <chi-st-lukes-health-baylor-college-of-medicine-texas-heart-institute-collaboration2/>
    <chi-and-st-alexius-medical-center-sign-letter-of-intent/>
    <chi-and-immanuel-finalize-agreement-on-alegent-creighton-health/>
    <chis-kevin-e-lofton-receives-gold-medal-award-from-ache/>
    <barto-to-head-new-venture-capital-group-at-catholic-health-initiatives/>
    <board-of-trustees-approves-proposed-acquisition-of-st-joseph-regional-health-network/>
    <chi-shows-positive-second-quarter-financial-results/>
    <chi-and-st-anthony-hospital-donate-and-ship-tons-of-equipment-to-sister-hospital-in-hanoi/>
</jcr:root>
