<?xml version="1.0" encoding="UTF-8"?>
<jcr:root xmlns:sling="http://sling.apache.org/jcr/sling/1.0" xmlns:cq="http://www.day.com/jcr/cq/1.0" xmlns:jcr="http://www.jcp.org/jcr/1.0"
    jcr:primaryType="cq:Page">
    <jcr:content
        cq:lastModified="{Date}2018-02-22T23:19:26.858Z"
        cq:lastModifiedBy="ted"
        cq:template="/apps/chinational/templates/mediacenterpage"
        jcr:primaryType="cq:PageContent"
        jcr:title="Play Ground"
        sling:resourceType="chinational/components/structure/mediacenterpage"
        displayHero="false"
        displayRightRail="true"
        displaySubnav="false"/>
    <news-test/>
    <chi-lofton-named-one-of-10-most-admired-ceo-healthcare/>
    <chi-appoints-robert-weil-as-svp/>
    <catholic-health-initiatives-provides-10-million-to-help-build-healthier-communities/>
    <press-release-detail-sample-page21/>
    <chi-appoints-robert-j-weil-as-svp/>
    <news-detail-sample-page/>
    <news-detail-sample-page2/>
</jcr:root>
